{
    "dim": "pitch",
    "coef_center_center": [
        5.976100297963109e-07,
        1.0009158673913108,
        0.0004146849668018593,
        0.0014470301343022449
    ],
    "coef_center_radius": [
        4.104916297925439e-10,
        -5.326915650045928e-07,
        4.081717349532512e-11,
        8.158017718929865e-11,
        2.704822882965779e-07,
        5.0677901961940835e-11,
        -1.4229590262794828e-07,
        -1.0772095802935003e-13,
        -5.966093549553145e-12,
        -1.5292219088995283e-10
    ],
    "coef_radius": [
        -0.005281558249696791,
        -1.3513876045726363e-05,
        0.21672036563474747
    ]
}