{
    "dim": "pitch",
    "coef_center_center": [
        5.692737222437996e-07,
        1.0007103584102683,
        0.0004717280756028064,
        0.0013001433097935208
    ],
    "coef_center_radius": [
        4.4534795247272387e-10,
        -5.760395002779615e-07,
        4.376150414191405e-11,
        8.200821690469334e-11,
        3.217567084562109e-07,
        5.4938399725641846e-11,
        -1.5079890346616328e-07,
        1.3208697498569793e-13,
        -6.669777531787383e-12,
        -1.8196596815256883e-10
    ],
    "coef_radius": [
        -0.004025313845868315,
        -1.182776837417818e-05,
        0.1942405355345825
    ]
}