{
    "dim": "x",
    "coef_center_center": [
        0.9811605713816309,
        -36.946665653136286,
        18.922106310210598,
        -21.87666970200553
    ],
    "coef_center_radius": [
        1.403728665162072e-06,
        -0.0018278560040119421,
        -7.490776257352286e-07,
        3.055551845378978e-06,
        0.0037201775794191492,
        -0.007909176399057699,
        2.1398615717071074e-06,
        1.52645161577518e-06,
        -2.6216984815569535e-06,
        1.4876603722994069e-06
    ],
    "coef_radius": [
        -45.206864614306085,
        -0.02228756590297117
    ]
}