{
    "dim": "z",
    "coef_center_center": [
        0.0010728784308232456,
        0.994151430647899,
        1.2754270434871533,
        0.3570172633542762,
        1.8284093986247285
    ],
    "coef_center_radius": [
        0.0024815198509102743,
        -0.004425438233816692,
        -0.14037415994016555,
        0.002703299035850648,
        -0.0004167748843282304,
        -0.0018970408334908484,
        -0.07448955741979546,
        0.0032520075712381136,
        0.12568183907589514,
        -5.084195067350805e-05,
        -0.00032412718384033923,
        -1.7322694693469587e-06,
        0.0004468028363735499,
        0.002086570762693807,
        -0.0016161353579002835
    ],
    "coef_radius": [
        -146.92732504722102,
        -0.06485131041221952,
        0.36149878980524397
    ]
}