{
    "dim": "x",
    "coef_center_center": [
        0.9000624831777849,
        -215.16253234662494,
        185.71842798924786,
        -102.3414212646635
    ],
    "coef_center_radius": [
        6.500511207793445e-05,
        -0.08807250210456165,
        2.65509056288096e-05,
        1.49645514795654e-05,
        0.04161693388209274,
        -0.021173111278992206,
        -2.3702505303921846e-06,
        -7.627680118317603e-06,
        1.4812379554238024e-06,
        -5.222379349706305e-06
    ],
    "coef_radius": [
        -1326.0269725412304,
        -0.6440012665357563
    ]
}