{
    "dim": "y",
    "coef_center_center": [
        0.0023613093296436754,
        0.9601359038287679,
        -2.0577754770009586
    ],
    "coef_center_radius": [
        2.0133997440413554e-05,
        -0.0013705751548598322,
        -0.021451584616343666,
        -2.8922243610063347e-06,
        0.0018607556717352702,
        -0.16135924815708336,
        -7.813878611861655e-05,
        3.9855955994112076e-07,
        0.0013231526237341695,
        -0.00030291428366796547
    ],
    "coef_radius": [
        -6.358593735887674,
        -0.0036426694540441385,
        0.034497966653308336
    ]
}