{
    "dim": "z",
    "coef_center_center": [
        0.0010728784308232456,
        0.994151430647899,
        1.2754270434871533,
        0.3570172633542762,
        1.8284093986247285
    ],
    "coef_center_radius": [
        0.0006344322656115509,
        -0.0013688664786108973,
        -0.038924959021073846,
        0.000527201472053207,
        -0.0003404742595363164,
        -0.000779163738265809,
        -0.03161598180766578,
        0.0011664417626455759,
        0.048830531844103575,
        -2.021392800755084e-05,
        -0.0003508967185618106,
        -5.836579526508762e-07,
        6.967531846147068e-05,
        -0.0003140736098448116,
        -1.880473982719677e-05
    ],
    "coef_radius": [
        -8.85334142436913,
        -0.004196412922713229,
        0.007250879715662473
    ]
}