{
    "dim": "y",
    "coef_center_center": [
        0.00014821639843785888,
        0.9613778030331129,
        -0.8100425858403014,
        -0.4170847115017555,
        1.3821969094753714
    ],
    "coef_center_radius": [
        0.3602354317214818,
        -0.0006867763951768149,
        0.01344997600722797,
        -0.00013292093118107313,
        -1.1520150494846726e-05,
        0.0007494961327693343,
        -0.056096247069922445,
        -0.0007777096499195016,
        0.04401114037256115,
        -1.3120513620912765e-05,
        -9.193061774273245e-05,
        7.583427667778603e-08,
        0.00038970190006674607,
        0.00018612712257102398,
        -0.00026651959185539434
    ],
    "coef_radius": [
        -6.416929864430001,
        -0.0035195815048723197,
        0.02409172514334896
    ]
}