{
    "dim": "pitch",
    "coef_center_center": [
        6.180147304513048e-07,
        1.0002938307366689,
        0.0005317135682791907
    ],
    "coef_center_radius": [
        3.825605230956075e-10,
        -4.875454384072797e-07,
        4.0353874206749996e-11,
        5.7157081360945154e-11,
        3.244309971661706e-07,
        5.048986776749056e-11,
        -1.3993283794191102e-07,
        3.506093464092367e-11,
        -6.194866165924516e-12,
        -1.7002798277340174e-10
    ],
    "coef_radius": [
        -0.004070595714756283,
        -1.4381322089399306e-05,
        0.24312921431723353
    ]
}