{
    "dim": "y",
    "coef_center_center": [
        0.00014821639843785888,
        0.9613778030331129,
        -0.8100425858403014,
        -0.4170847115017555,
        1.3821969094753714
    ],
    "coef_center_radius": [
        0.5803911151310251,
        -0.0007115128248833535,
        0.02063594818077874,
        -2.7952509101994427e-05,
        6.283794322952535e-05,
        0.0011594903479717478,
        -0.08107210806669052,
        -0.0009822871211820627,
        0.06600132802332848,
        -2.0449285141967838e-05,
        -0.0004163915836421922,
        2.2693445659953664e-07,
        0.0007052809304328167,
        0.00024104560908450035,
        5.6565477638242934e-05
    ],
    "coef_radius": [
        -83.76074374246114,
        -0.04616541477620514,
        0.2989888576974385
    ]
}