{
    "dim": "x",
    "coef_center_center": [
        0.9811605713816309,
        -36.946665653136286,
        18.922106310210598,
        -21.87666970200553
    ],
    "coef_center_radius": [
        2.6048961622158287e-06,
        -0.003340594157084299,
        -5.924235005520951e-07,
        3.745213423535817e-06,
        0.0038595122821845395,
        -0.008159824536741413,
        1.7001730654515338e-06,
        1.2114710382096095e-06,
        -2.2973007215306983e-06,
        1.945943337887164e-06
    ],
    "coef_radius": [
        -523.038613817714,
        -0.25651033685860597
    ]
}