{
    "dim": "z",
    "coef_center_center": [
        0.0010728784308232456,
        0.994151430647899,
        1.2754270434871533,
        0.3570172633542762,
        1.8284093986247285
    ],
    "coef_center_radius": [
        0.0020697960076745403,
        -0.003658889286821676,
        -0.11070680878447092,
        0.0016382936361960532,
        -0.0003997215276272392,
        -0.0014661534499478268,
        -0.05620883210733041,
        0.0021670027031468475,
        0.08623057424588065,
        -3.359978866068758e-05,
        0.0005471909715204504,
        -1.332039003586541e-06,
        0.00043960150846977797,
        -0.001132496005695316,
        7.5000721064810705e-06
    ],
    "coef_radius": [
        -97.50576380894381,
        -0.04934699766468062,
        -0.05190994723528512
    ]
}