{
    "dim": "yaw",
    "coef_center_center": [
        -9.535635542213277e-07,
        0.9981899977136236,
        0.0034988015558308216,
        -0.006156612425893828
    ],
    "coef_center_radius": [
        4.393267236648796e-11,
        -5.6246000002300204e-08,
        -5.42553919329702e-11,
        6.408635335047337e-11,
        -1.1836002445398683e-07,
        -4.608304617300512e-11,
        1.45608878770565e-07,
        8.063097112093679e-11,
        -5.606764800870499e-13,
        7.798357265896658e-11
    ],
    "coef_radius": [
        -0.3007507920460901,
        -0.0001443923287892844,
        -0.00617900183076828
    ]
}