{
    "dim": "yaw",
    "coef_center_center": [
        -6.368336337254278e-07,
        1.0060464764445205,
        0.0015339919364197874,
        -0.0010645673167662406,
        -0.0032521215542095612
    ],
    "coef_center_radius": [
        0.0017024893389637713,
        4.7478804957340557e-07,
        2.7453560932204086e-10,
        -7.048738981056566e-10,
        6.074515541408265e-10,
        1.474639521366356e-06,
        2.417036904433912e-10,
        -1.722299053885176e-06,
        4.880652124379868e-11,
        -7.4065591279232e-07,
        4.588611576023163e-10,
        6.859816184830359e-10,
        5.5521691784659454e-12,
        -9.188542047501414e-10,
        3.106564853720089e-10
    ],
    "coef_radius": [
        -0.0053909668554026294,
        -2.736503051408945e-06,
        0.0009186329227617728
    ]
}