{
    "dim": "pitch",
    "coef_center_center": [
        -7.15458750809853e-07,
        1.000133679903385,
        -0.0006923838483838818,
        0.0006635507063433854,
        -0.0013786941540079034
    ],
    "coef_center_radius": [
        0.0007267507383152347,
        -4.0627888914328605e-08,
        2.979545810521926e-10,
        -2.916932199595676e-10,
        2.8712309669966e-10,
        7.876741698014173e-07,
        2.907091697885303e-10,
        -7.685004845040843e-07,
        4.7515147808102484e-11,
        -8.085978713107984e-07,
        1.4849463013349707e-10,
        2.8742431003011366e-10,
        -3.487669571185644e-11,
        -4.880374912723544e-10,
        1.249444221182065e-10
    ],
    "coef_radius": [
        -0.09298092220924774,
        -6.726054611628456e-05,
        0.4294232624597771
    ]
}