{
    "dim": "yaw",
    "coef_center_center": [
        -7.803837415035003e-07,
        0.998529970759193,
        0.0029891197082938525
    ],
    "coef_center_radius": [
        1.3097135977210859e-10,
        -1.6880812643331886e-07,
        -3.003535167806473e-11,
        8.33318686172966e-11,
        -7.325381578474932e-08,
        -2.5600696859840112e-11,
        8.443451724535546e-08,
        2.1306648073266094e-11,
        -3.16625173213124e-13,
        5.522323870791292e-11
    ],
    "coef_radius": [
        -0.32996561277128056,
        -0.00015888727859027823,
        -0.009987616240503306
    ]
}