{
    "dim": "z",
    "coef_center_center": [
        -0.0014641188254900643,
        0.969789108311051,
        -0.8515099101286111,
        -1.2632469365064907
    ],
    "coef_center_radius": [
        0.002991083216784318,
        -0.004837084674374381,
        -0.1565653513603138,
        0.0009934347728768889,
        -0.003203024362015139,
        -0.10578958321880805,
        -0.00012768716451694306,
        -3.2808355171290438e-06,
        -0.0003797043644730991,
        -0.001689689346887846
    ],
    "coef_radius": [
        -11.747058743709372,
        -0.0058368132809547444,
        -0.0028376531186305727
    ]
}