{
    "dim": "yaw",
    "coef_center_center": [
        -6.368336337254278e-07,
        1.0060464764445205,
        0.0015339919364197874,
        -0.0010645673167662406,
        -0.0032521215542095612
    ],
    "coef_center_radius": [
        0.004131833898963002,
        1.6374073615930854e-06,
        5.027486885548128e-10,
        -1.5619606602300918e-09,
        1.4194260025639585e-09,
        3.044146390753335e-06,
        4.935520416343321e-10,
        -3.920874291465848e-06,
        1.2014956351850794e-10,
        -1.2619457466837198e-06,
        1.2301616672075586e-09,
        1.5747733864257035e-09,
        2.003355134865076e-11,
        -1.6712089416841222e-09,
        7.388042821452415e-10
    ],
    "coef_radius": [
        -5.324621412455938,
        -0.0026295816669212207,
        0.4806684390650109
    ]
}