{
    "dim": "z",
    "coef_center_center": [
        -0.002064811083239988,
        0.9661906784923627,
        -0.8707197364957275
    ],
    "coef_center_radius": [
        0.007280583628997306,
        -0.014780469887867298,
        -0.4205402493885231,
        0.006788265324971121,
        -0.0026292479933163193,
        -0.09254193683557332,
        -0.0003680700902357614,
        -9.579965500577936e-06,
        -0.00229922684536632,
        0.00721173720510393
    ],
    "coef_radius": [
        -6.913979809215586,
        -0.0036860178715025066,
        -0.009454276381067902
    ]
}