{
    "dim": "x",
    "coef_center_center": [
        0.9962742817646998,
        -4.716766103329526
    ],
    "coef_center_radius": [
        1.0372571550396233e-06,
        -0.0012450788190356832,
        -8.537097099936683e-07,
        0.0029006383139593694,
        1.9288307835712767e-06,
        -2.067315721796057e-06
    ],
    "coef_radius": [
        -29.20399157652118,
        -0.014623001652740147
    ]
}