{
    "dim": "y",
    "coef_center_center": [
        0.0025959392490995286,
        0.9596992376223198,
        -2.3213335344549706,
        8.621234840316252
    ],
    "coef_center_radius": [
        4.0519018383172734e-05,
        -0.0016905237636464232,
        -0.02345037485514112,
        1.1198461155798034e-05,
        0.002038066507250136,
        -0.1680865526888553,
        -8.206598285374553e-05,
        3.3990730146878957e-07,
        0.001351694017174998,
        -0.0010391188974839816
    ],
    "coef_radius": [
        -10.71707477377849,
        -0.0065448176303145875,
        0.07557909903707777
    ]
}