{
    "dim": "yaw",
    "coef_center_center": [
        -6.368336337254278e-07,
        1.0060464764445205,
        0.0015339919364197874,
        -0.0010645673167662406,
        -0.0032521215542095612
    ],
    "coef_center_radius": [
        0.0019320441540480857,
        6.505933336980192e-07,
        2.6055305194430435e-10,
        -9.147705921913174e-10,
        7.778054848949622e-10,
        1.750142717749431e-06,
        2.520884193243872e-10,
        -2.1863869700552023e-06,
        3.3374703800967276e-11,
        -7.079593610928397e-07,
        6.011148001434865e-10,
        8.642954698155784e-10,
        1.073487346011489e-11,
        -1.1352876479995725e-09,
        3.828938245354018e-10
    ],
    "coef_radius": [
        -0.4416826675842553,
        -0.00021807325051866993,
        0.06863127541602422
    ]
}