{
    "dim": "z",
    "coef_center_center": [
        -0.0014641188254900643,
        0.969789108311051,
        -0.8515099101286111,
        -1.2632469365064907
    ],
    "coef_center_radius": [
        0.00026640806745231727,
        -0.000493288736160391,
        -0.017266560097990435,
        0.0009997127576473197,
        -0.0052828188752496175,
        -0.17057035489904138,
        3.222427834903563e-05,
        -1.4841058996496737e-07,
        0.0015301288718561068,
        0.0011581008862109332
    ],
    "coef_radius": [
        -18.597725204012615,
        -0.00924894610212407,
        -0.006270856593889956
    ]
}