{
    "dim": "yaw",
    "coef_center_center": [
        -8.054359598652256e-07,
        0.998628699062079,
        0.002909262034353155,
        -0.005158644322669128
    ],
    "coef_center_radius": [
        1.657467369879821e-10,
        -2.1429409280340357e-07,
        -1.7508834377698266e-11,
        1.0226885934815425e-10,
        -8.509585034331081e-08,
        -1.5047202623542597e-11,
        4.6768799144435276e-08,
        4.102199799977031e-13,
        9.894639507814263e-13,
        5.985335152306638e-11
    ],
    "coef_radius": [
        -0.17046079669770714,
        -8.22329931267224e-05,
        0.017230106164758893
    ]
}