{
    "dim": "x",
    "coef_center_center": [
        0.995267994173235,
        -3.7559808713994824,
        -6.3243108122178455
    ],
    "coef_center_radius": [
        7.421097183760682e-07,
        -0.0009136854825951835,
        -5.630448656096689e-07,
        0.002241421731793425,
        1.8190964557742936e-06,
        -1.4614844737897043e-06
    ],
    "coef_radius": [
        -30.984298201910192,
        -0.015392494012053082
    ]
}