{
    "dim": "z",
    "coef_center_center": [
        -7.15458750809853e-07,
        1.000133679903385,
        -0.0006923838483838818,
        0.0006635507063433854,
        -0.0013786941540079034
    ],
    "coef_center_radius": [
        0.0007148290929893859,
        -4.513848149342296e-08,
        2.9084639325606303e-10,
        -2.8562298497950676e-10,
        2.8271419725920584e-10,
        7.760976579209766e-07,
        2.8312448119215385e-10,
        -7.546056980710153e-07,
        4.661647227740337e-11,
        -7.897856768926586e-07,
        1.4674629795593974e-10,
        2.8079494097329866e-10,
        -3.391792220294328e-11,
        -4.793112234137752e-10,
        1.2449745461800897e-10
    ],
    "coef_radius": [
        -0.03356874483293458,
        -2.5172540422844075e-05,
        0.1786356294038248
    ]
}