{
    "dim": "yaw",
    "coef_center_center": [
        -3.9173233619690327e-07,
        0.9992883690300436,
        0.0018380373439401687,
        -0.0029180578733602244
    ],
    "coef_center_radius": [
        2.4288244609095515e-10,
        -3.1638011378840976e-07,
        -1.30917686023069e-11,
        9.018040350670543e-11,
        5.4432085136107856e-08,
        -1.4140128276120425e-11,
        3.524324217760427e-08,
        -3.007209540751088e-11,
        -9.687229052578233e-13,
        -1.588896136589609e-11
    ],
    "coef_radius": [
        -0.41572101930396554,
        -0.00020100497628037668,
        0.04424057492150703
    ]
}