{
    "dim": "pitch",
    "coef_center_center": [
        -7.15458750809853e-07,
        1.000133679903385,
        -0.0006923838483838818,
        0.0006635507063433854,
        -0.0013786941540079034
    ],
    "coef_center_radius": [
        0.0006860731845836222,
        -5.2439176816641796e-08,
        2.7091212495382906e-10,
        -2.710486234158612e-10,
        2.7084268847631486e-10,
        7.457056638729174e-07,
        2.618497704466036e-10,
        -7.181659694095968e-07,
        4.397694117806113e-11,
        -7.36695824271529e-07,
        1.420479162143193e-10,
        2.647385273933914e-10,
        -3.123773510791329e-11,
        -4.5593026459750093e-10,
        1.2353634174423877e-10
    ],
    "coef_radius": [
        -0.003714576204122021,
        -2.1967075511845075e-06,
        0.007188078551584236
    ]
}