{"dim": "x", "coef_center": [0.9990424067481013, -4.3828785471205265], "coef_radius": [-9.710765842097974e-05, 0.12764408375361827, 0.0002308552470707672]}