{
    "dim": "pitch",
    "coef_center": [
        -9.322515783396694e-07,
        0.9873508130754741,
        -0.0020384936524274026
    ],
    "coef_radius": [
        1.1630830031966863e-07,
        -0.00014793690926895482,
        -1.2832789217818277e-08,
        2.0581155598073907e-05,
        -2.0745231471461433e-08,
        7.744068159265304e-10
    ]
}