{
    "dim": "z",
    "coef_center": [
        0.0008529351139127309,
        0.9965539152136282,
        2.2673544087331976
    ],
    "coef_radius": [
        0.2760967091735438,
        -0.6035437463142443,
        -18.546018772758543,
        -0.011209480643401548,
        -0.0003010509477743284,
        -0.04723323401049129
    ]
}