{
    "dim": "y",
    "coef_center": [
        -0.00033235793430502075,
        0.9820729903965361,
        -0.46592379739993084
    ],
    "coef_radius": [
        -1.8990171710291472e-05,
        0.0011192242969385174,
        -0.04662926595836192,
        -2.316006054352808e-05,
        5.880864074138559e-07,
        0.0002763787988442957
    ]
}