{"dim": "z", "coef_center": [0.000183234903113572, 0.9966778238587952, 0.719569786260223], "coef_radius": [1.4346327310808815e-05, -0.01927293003967634, 0.0007262554741269689, -0.0005928239881551889, -1.1371334748710993e-05, -0.0032900657656824706]}