{"dim": "y", "coef_center": [-6.552844572246556e-05, 0.9933983933201154, 0.2508750923422468], "coef_radius": [-0.002567900934390299, -0.014363801461897197, 3.341161895928394, 0.001115406944177444, -2.6234219198777164e-06, 0.017274243780194376]}