{"dim": "pitch", "coef_center": [-1.9801555753344097e-07, 1.0005417755238533, -0.0005024352570302745], "coef_radius": [-0.17274612895997263, -0.00010770664796235756, 0.42885966022004657]}