{"dim": "yaw", "coef_center": [3.8714228376578733e-07, 0.9991218861062909, 0.0004657930509379875], "coef_radius": [1.3400880932195789e-06, -0.0017900175152429365, -2.7685260472792684e-08, 7.06819110206959e-05, -2.408792492285982e-07, 4.247122536867631e-09]}