{
    "dim": "x",
    "coef_center": [
        0.9900079141936394,
        -26.61141425021151
    ],
    "coef_radius": [
        -3.821626378255842e-06,
        0.004949594481193002,
        2.9859172021432667e-06
    ]
}