{
    "dim": "pitch",
    "coef_center": [
        -7.55743567275661e-07,
        1.0024026425163308,
        -0.0018263741198574165
    ],
    "coef_radius": [
        -2.8292171984028547e-09,
        1.1553105591681316e-05,
        5.44924114381934e-08,
        -0.0001520733205021016,
        1.2916402584822897e-08,
        -6.217332921871771e-09
    ]
}