{
    "dim": "y",
    "coef_center": [
        0.9977180525300885,
        0.023414080796370418,
        -8.886518891216495
    ],
    "coef_radius": [
        0.015399195634106633,
        0.51927782049097,
        8.678956823931912,
        0.0007623855483984698,
        0.000364323172162645,
        0.32125807287615515
    ]
}