{
    "dim": "yaw",
    "coef_center": [
        1.347656613861046e-06,
        0.999603003741096,
        0.0027657027357196606
    ],
    "coef_radius": [
        -1.024817665464191e-09,
        1.2929446065253647e-06,
        3.411900095587062e-11,
        -8.089318567317794e-08,
        8.045379529207222e-10,
        -1.7168961612873204e-12
    ]
}